[
  {
    "door_number": "1_door",
    "added_address": "39 W 13th Street",
    "arrival_time": "10:00",
    "people_that_live_there": "No one, I hope.",
    "been_there_yes_no": "Yes this is an academic building for the New School.",
    "door_image": "1_door.jpeg",
    "door_illustration": "1_door_2.png"
  },
  {
    "door_number": "2_door",
    "added_address": "37 W 13th Street",
    "arrival_time": "10:01",
    "people_that_live_there": "No.",
    "been_there_yes_no": "No, but this is Samson Storage, and I see people go in like everyday.",
    "door_image": "2_door.jpeg",
    "door_illustration": "2_door_2.png"
  },
  {
    "door_number": "3_door",
    "added_address": "13 W 13th Street",
    "arrival_time": "10:02",
    "people_that_live_there": "Yes, it's and apartment building.",
    "been_there_yes_no": "No I haven't.",
    "door_image": "3_door.jpeg",
    "door_illustration": "3_door_2.png"
  },
  {
    "door_number": "4_door",
    "added_address": "1 W 13th Street",
    "arrival_time": "10:03",
    "people_that_live_there": "This is a secret food delivery restaurant.",
    "been_there_yes_no": "Yes, by accident .",
    "door_image": "4_door.jpeg",
    "door_illustration": "4_door_2.png"
  },
  {
    "door_number": "5_door",
    "added_address": "13 E 13th Street",
    "arrival_time": "10:05",
    "people_that_live_there": "This is a salon, so idk if anyone lives here.",
    "been_there_yes_no": "No.",
    "door_image": "5_door.jpeg",
    "door_illustration": "5_door_2.png"
  },
  {
    "door_number": "6_door",
    "added_address": "17 E 13th Street and 18 E 14th Street",
    "arrival_time": "10:05",
    "people_that_live_there": "Yes, its residential, and super fancy.",
    "been_there_yes_no": "I went in the courtyard one time, to give back a puppy who ran out.",
    "door_image": "6_door.jpeg",
    "door_illustration": "6_door_2.png"
  },
  {
    "door_number": "7_door",
    "added_address": "21 E 13th Street",
    "arrival_time": "10:05",
    "people_that_live_there": "No, I really hope not.",
    "been_there_yes_no": "Yes, back when this was a blick art store. I miss this location so much, it was so nice.",
    "door_image": "7_door.jpeg",
    "door_illustration": "7_door_2.png"
  },
  {
    "door_number": "8_door",
    "added_address": "25 E 13th Street",
    "arrival_time": "10:05",
    "people_that_live_there": "No, but I'm 99% sure all mfa students sleep there on the weekends.",
    "been_there_yes_no": "Yes, so many times. I love the studios, makes me want to transfer to the fine arts program.",
    "door_image": "8_door.jpeg",
    "door_illustration": "8_door_2.png"
  },
  {
    "door_number": "9_door",
    "added_address": "27 E 13th Street/side alley",
    "arrival_time": "10:06",
    "people_that_live_there": "No, well sometimes I see people sleeping here.",
    "been_there_yes_no": "No, and I hope not to.",
    "door_image": "9_door.jpeg",
    "door_illustration": "9_door_2.png"
  },
  {
    "door_number": "10_door",
    "added_address": "27 E 13th Street",
    "arrival_time": "10:06",
    "people_that_live_there": "Yes, its a bougie apartment building, with a doorman.",
    "been_there_yes_no": "No, but they always put out the best couches on the curb.",
    "door_image": "10_door.jpeg",
    "door_illustration": "10_door_2.png"
  },
  {
    "door_number": "11_door",
    "added_address": "39 E 13th Street",
    "arrival_time": "10:08",
    "people_that_live_there": "No, this is a fancy thai restaurant.",
    "been_there_yes_no": "Not yet, I would like to go, but I can't have most thai food.",
    "door_image": "11_door.jpeg",
    "door_illustration": "11_door_2.png"
  },
  {
    "door_number": "12_door",
    "added_address": "39 E 13th Street",
    "arrival_time": "10:08",
    "people_that_live_there": "No one, this is a design business.",
    "been_there_yes_no": "No, but my friend used to intern for them.",
    "door_image": "12_door.jpeg",
    "door_illustration": "12_door_2.png"
  },
  {
    "door_number": "13_door",
    "added_address": "44 E 14th Street/ back door",
    "arrival_time": "10:09",
    "people_that_live_there": "No, I am pretty sure this is the back door to Whole Foods.",
    "been_there_yes_no": "Not through this door.",
    "door_image": "13_door.jpeg",
    "door_illustration": "13_door_2.png"
  },
  {
    "door_number": "14_door",
    "added_address": "245 E 13th Street",
    "arrival_time": "10:15",
    "people_that_live_there": "It's a big residental building, so I assume lots of people.",
    "been_there_yes_no": "I helped someone put their groceries in the hallway here once.",
    "door_image": "14_door.jpeg",
    "door_illustration": "14_door_2.png"
  },
  {
    "door_number": "15_door",
    "added_address": "249 E 13th Street",
    "arrival_time": "10:16",
    "people_that_live_there": "Yes, but I don't know who lives here.",
    "been_there_yes_no": "No, but this is my dream house.",
    "door_image": "15_door.jpeg",
    "door_illustration": "15_door_2.png"
  },
  {
    "door_number": "16_door",
    "added_address": "249 1/2 E 13th Street",
    "arrival_time": "10:16",
    "people_that_live_there": "Not anymore, it's being referbished as a historical site.",
    "been_there_yes_no": "No, I wish. I walk by it everyday and wonder what's inside.",
    "door_image": "16_door.jpeg",
    "door_illustration": "16_door_2.png"
  },
  {
    "door_number": "17_door",
    "added_address": "251 E 13th Street",
    "arrival_time": "10:17",
    "people_that_live_there": "No, this is the back entrance to Jackdaw.",
    "been_there_yes_no": "I hate this restaurant with a burning passion.",
    "door_image": "17_door.jpeg",
    "door_illustration": "17_door_2.png"
  },
  {
    "door_number": "18_door",
    "added_address": "300 Second Ave",
    "arrival_time": "10:19",
    "people_that_live_there": "This is a part of the hospital, so maybe some souls live here.",
    "been_there_yes_no": "No, but a ton of kids smoke here.",
    "door_image": "18_door.jpeg",
    "door_illustration": "18_door_2.png"
  },
  {
    "door_number": "19_door",
    "added_address": "310 Second Ave",
    "arrival_time": "10:19",
    "people_that_live_there": "This is the ear and eye part of the hospital, so I hope not.",
    "been_there_yes_no": "Never been inside, although I was once almost robbed out in front of this building while waiting for the bus.",
    "door_image": "19_door.jpeg",
    "door_illustration": "19_door_2.png"
  },
  {
    "door_number": "20_door",
    "added_address": "230 Second Ave",
    "arrival_time": "10:19",
    "people_that_live_there": "This is the ear and eye part of the hospital, so I hope not.",
    "been_there_yes_no": "No.",
    "door_image": "20_door.jpeg",
    "door_illustration": "20_door_2.png"
  },
  {
    "door_number": "21_door",
    "added_address": "240 Second Ave",
    "arrival_time": "10:20",
    "people_that_live_there": "Back entrance to the school.",
    "been_there_yes_no": "I have never been inside, although everyday I walk by and see all of the kids get out of school.",
    "door_image": "21_door.jpeg",
    "door_illustration": "21_door_2.png"
  },
  {
    "door_number": "22_door",
    "added_address": "310 14th Street",
    "arrival_time": "10:22",
    "people_that_live_there": "This is a school, but I know that they use it sometimes as a shelter.",
    "been_there_yes_no": "No.",
    "door_image": "22_door.jpeg",
    "door_illustration": "22_door_2.png"
  },
  {
    "door_number": "23_door",
    "added_address": "306 E 15th Street",
    "arrival_time": "10:22",
    "people_that_live_there": "A super cool and rich young couple. They have a pug, therefore cool.",
    "been_there_yes_no": "No, but I want to befriend this couple, only because they have a cute dog",
    "door_image": "23_door.jpeg",
    "door_illustration": "23_door_2.png"
  },
  {
    "door_number": "24_door",
    "added_address": "308 E 15th Street",
    "arrival_time": "10:23",
    "people_that_live_there": "A Doctor and a small family.",
    "been_there_yes_no": "A regular spot for my residents to smoke",
    "door_image": "24_door.jpeg",
    "door_illustration": "24_door_2.png"
  },
  {
    "door_number": "25_door",
    "added_address": "308 A E 15th Street",
    "arrival_time": "10:23",
    "people_that_live_there": "This a doctor's office, so no.",
    "been_there_yes_no": "A regular spot for my residents to smoke",
    "door_image": "25_door.jpeg",
    "door_illustration": "25_door_2.png"
  },
  {
    "door_number": "26_door",
    "added_address": "318 E 15th Street",
    "arrival_time": "10:24",
    "people_that_live_there": "About 650 of the wildest people on earth.",
    "been_there_yes_no": "Everyday of the past two years",
    "door_image": "26_door.jpeg",
    "door_illustration": "26_door_2.png"
  },
  {
    "door_number": "27_door",
    "added_address": "318 E 15th Street",
    "arrival_time": "10:24",
    "people_that_live_there": "No, this is an elevator.",
    "been_there_yes_no": "Too many times, especially since I am scared of elevators.",
    "door_image": "27_door.jpeg",
    "door_illustration": "27_door_2.png"
  },
  {
    "door_number": "28_door",
    "added_address": "318 E 15th Street 11H",
    "arrival_time": "10:26",
    "people_that_live_there": "Me, duh.",
    "been_there_yes_no": "I live here, duh, can't you tell.",
    "door_image": "28_door.jpeg",
    "door_illustration": "28_door_2.png"
  }
]